,City,Country,Lat,Lng,Max Temp,Humidity,Cloudiness,Wind Speed,Current Description
0,Victoria,HK,22.2855,114.1577,68.95,88,16,5.01,few clouds
1,Alice Town,BS,25.7167,-79.3,74.26,79,100,9.04,overcast clouds
2,Airai,TL,-8.9266,125.4092,68.9,80,81,2.06,broken clouds
3,Albany,US,42.6001,-73.9662,51.8,56,100,1.99,overcast clouds
4,Kodiak,US,57.79,-152.4072,38.71,93,100,0.0,mist
5,Acajutla,SV,13.5928,-89.8275,78.53,70,0,7.49,clear sky
6,Rjukan,NO,59.8789,8.5941,33.04,88,100,12.5,overcast clouds
7,Rikitea,PF,-23.1203,-134.9692,79.18,74,0,16.87,light rain
8,Itarema,BR,-2.9248,-39.9167,78.24,80,43,9.93,scattered clouds
9,Torbay,CA,47.6666,-52.7314,36.27,86,0,11.5,clear sky
10,Lata,PT,40.1629,-8.3327,49.06,94,100,1.34,overcast clouds
11,Dosso,NE,13.049,3.1937,69.57,13,0,10.47,clear sky
12,Talnakh,RU,69.4865,88.3972,-11.85,87,94,9.55,overcast clouds
13,Mahebourg,MU,-20.4081,57.7,75.49,94,40,3.44,scattered clouds
14,Punta Arenas,CL,-53.15,-70.9167,57.31,72,75,28.77,broken clouds
15,Cherskiy,RU,68.75,161.3,-32.53,98,100,6.8,overcast clouds
16,Verkhnyaya Toyma,RU,62.2349,44.9985,11.34,100,98,2.8,overcast clouds
17,East London,ZA,-33.0153,27.9116,72.0,85,0,3.83,clear sky
18,Sayyan,YE,15.1718,44.3244,52.12,53,11,1.3,few clouds
19,Hilo,US,19.7297,-155.09,78.53,67,100,8.05,overcast clouds
20,Borzya,RU,50.3833,116.5167,-19.34,100,78,3.06,broken clouds
21,Mataura,NZ,-46.1927,168.8643,58.48,50,99,9.28,overcast clouds
22,Taltal,CL,-25.4,-70.4833,69.3,74,0,4.63,clear sky
23,Asau,RO,46.4333,26.4,34.72,90,100,4.94,overcast clouds
24,Alofi,NU,-19.0595,-169.9187,82.29,83,2,11.5,clear sky
25,Kukmor,RU,56.1855,50.8944,17.87,97,99,6.13,overcast clouds
26,Ostrovnoy,RU,68.0531,39.5131,14.9,96,94,8.23,overcast clouds
27,Borovoy,RU,55.4333,86.0833,-11.92,84,60,8.95,broken clouds
28,Tasiilaq,GL,65.6145,-37.6368,12.36,69,100,4.16,overcast clouds
29,Moron,AR,-34.6534,-58.6198,64.96,61,100,13.0,overcast clouds
30,Matara,LK,5.9485,80.5353,74.7,91,100,7.72,overcast clouds
31,Qax,AZ,41.4225,46.9242,36.59,68,34,4.68,scattered clouds
32,Puerto Ayora,EC,-0.7393,-90.3518,72.55,100,60,7.49,broken clouds
33,Elda,ES,38.4778,-0.7916,46.18,87,8,2.13,clear sky
34,Lebu,CL,-37.6167,-73.65,58.75,78,0,21.21,clear sky
35,Thompson,CA,55.7435,-97.8558,-20.04,69,20,5.75,few clouds
36,Belluno,IT,46.145,12.2214,40.82,48,0,4.0,clear sky
37,Acapulco,MX,16.8634,-99.8901,80.42,65,75,6.91,broken clouds
38,Ushuaia,AR,-54.8,-68.3,49.66,100,100,6.91,heavy intensity rain
39,Shingu,JP,33.7333,135.9833,49.19,33,100,0.74,overcast clouds
40,Busselton,AU,-33.65,115.3333,70.09,68,13,8.86,few clouds
41,Yellowknife,CA,62.456,-114.3525,-10.71,84,100,2.3,light snow
42,Leningradskiy,RU,69.3833,178.4167,-17.28,96,94,4.47,overcast clouds
43,Ostersund,SE,63.1792,14.6357,28.85,86,40,10.36,scattered clouds
44,Bengkulu,ID,-3.8004,102.2655,76.42,81,100,4.32,overcast clouds
45,Saint George,US,37.1041,-113.5841,68.59,16,0,13.8,clear sky
46,Vaini,TO,-21.2,-175.2,86.16,84,20,8.05,few clouds
47,Butaritari,KI,3.0707,172.7902,81.88,78,73,15.43,light rain
48,Nome,US,64.5011,-165.4064,1.47,55,0,20.71,clear sky
49,Laguna,US,38.421,-121.4238,73.69,50,0,3.44,clear sky
50,Cockburn Town,TC,21.4612,-71.1419,76.96,78,40,14.97,scattered clouds
51,Yarada,IN,17.65,83.2667,73.72,88,75,2.3,mist
52,Sitka,US,57.0531,-135.33,44.49,81,100,8.05,moderate rain
53,Mandalgovi,MN,45.7625,106.2708,-5.93,68,96,3.94,overcast clouds
54,Georgetown,MY,5.4112,100.3354,78.89,87,20,3.44,few clouds
55,Lasa,IT,46.6166,10.7002,31.3,47,6,2.77,clear sky
56,Jamestown,US,42.097,-79.2353,44.1,63,100,13.0,light rain
57,Aklavik,CA,68.2191,-135.0107,-21.17,95,7,9.17,clear sky
58,Cove,BJ,7.221,2.3402,76.84,84,13,2.48,few clouds
59,Codrington,AU,-38.2667,141.9667,74.5,46,2,9.33,clear sky
60,Dhidhdhoo,MV,6.8833,73.1,81.64,71,74,7.61,broken clouds
61,Ribeira Grande,PT,38.5167,-28.7,60.15,75,100,11.81,overcast clouds
62,Tiznit,MA,29.5833,-9.5,53.2,55,0,4.52,clear sky
63,Port Alfred,ZA,-33.5906,26.891,70.93,88,0,5.91,clear sky
64,Flinders,AU,-34.5833,150.8552,75.79,89,61,7.0,light rain
65,Pevek,RU,69.7008,170.3133,-28.75,99,99,6.33,overcast clouds
66,Marzuq,YE,14.4,46.4667,59.79,44,9,2.75,clear sky
67,Hofn,IS,64.2539,-15.2082,27.34,76,100,21.99,overcast clouds
68,Hermanus,ZA,-34.4187,19.2345,64.9,90,0,8.19,clear sky
69,Karasjok,NO,69.4719,25.5112,21.31,96,18,3.78,few clouds
70,Dikson,RU,73.5069,80.5464,2.97,81,100,29.08,overcast clouds
71,Kaitangata,NZ,-46.2817,169.8464,63.93,49,100,9.13,overcast clouds
72,Graaff-Reinet,ZA,-32.2522,24.5308,68.54,76,0,3.24,clear sky
73,Hasaki,JP,35.7333,140.8333,45.28,51,99,12.8,overcast clouds
74,Atuona,PF,-9.8,-139.0333,77.74,76,3,10.76,clear sky
75,Norman Wells,CA,65.282,-126.8329,-16.56,69,20,2.3,few clouds
76,Mantua,IT,45.1667,10.7833,49.24,90,95,5.01,overcast clouds
77,Muravlenko,RU,63.7898,74.523,-10.01,89,6,11.12,clear sky
78,Hithadhoo,MV,-0.6,73.0833,81.14,69,100,8.97,overcast clouds
79,Westport,US,41.1415,-73.3579,48.74,70,0,5.99,clear sky
80,Hobart,AU,-42.8794,147.3294,68.22,48,20,10.36,few clouds
81,Inirida,CO,3.8653,-67.9239,76.73,78,89,0.63,overcast clouds
82,Rio Grande,BR,-32.035,-52.0986,74.95,84,19,19.53,few clouds
83,Oktyabrskiy,RU,54.4815,53.471,22.57,96,100,5.17,overcast clouds
84,Nikolskoye,RU,59.7035,30.7861,26.49,91,24,8.84,few clouds
85,Ilulissat,GL,69.2167,-51.1,26.62,74,20,14.97,few clouds
86,Kavieng,PG,-2.5744,150.7967,83.89,68,27,3.56,scattered clouds
87,Qaanaaq,GL,77.484,-69.3632,-22.88,54,0,7.99,clear sky
88,Ixtapa,MX,20.7,-105.2,74.43,60,0,8.05,clear sky
89,Pochutla,MX,15.7432,-96.4661,79.65,72,81,4.0,broken clouds
90,Qaqortoq,GL,60.7167,-46.0333,25.3,84,100,8.79,overcast clouds
91,Turkistan,KZ,43.0,68.0,33.04,66,91,8.95,overcast clouds
92,Castro,BR,-24.7911,-50.0119,62.13,90,19,7.07,few clouds
93,Amarkantak,IN,22.6667,81.75,43.07,42,20,2.42,few clouds
94,Faya,SA,18.3851,42.4509,51.91,86,9,3.69,clear sky
95,Hervey Bay,AU,-25.2986,152.8535,84.04,58,35,19.3,scattered clouds
96,Port Hardy,CA,50.6996,-127.4199,46.76,87,40,2.3,scattered clouds
97,Steinbach,DE,50.1667,8.5667,33.48,93,0,2.3,clear sky
98,New Norfolk,AU,-42.7826,147.0587,67.87,38,9,1.99,clear sky
99,Naco,MX,31.3347,-109.9483,63.81,19,0,9.06,clear sky
100,Hualmay,PE,-11.0964,-77.6139,71.1,81,90,8.9,overcast clouds
101,Middlebury,US,44.0153,-73.1673,46.9,43,100,11.5,overcast clouds
102,Kerema,PG,-7.9631,145.7785,83.34,61,98,4.92,overcast clouds
103,Taloda,IN,21.5667,74.2167,62.83,32,4,6.93,clear sky
104,Kapaa,US,22.0752,-159.319,82.47,67,0,3.44,clear sky
105,Calumboyan,PH,10.7917,124.0267,82.06,82,83,7.45,light rain
106,Saskylakh,RU,71.9167,114.0833,5.7,90,99,13.94,overcast clouds
107,Ponta Do Sol,PT,32.6667,-17.1,64.71,73,12,6.89,few clouds
108,Klaksvik,FO,62.2266,-6.589,40.12,97,100,31.14,overcast clouds
109,Tankhoy,RU,51.5528,105.1306,-6.65,97,96,3.6,overcast clouds
110,Kununurra,AU,-15.7667,128.7333,80.58,89,5,9.22,clear sky
111,Bilibino,RU,68.0546,166.4372,-28.8,96,51,0.49,broken clouds
112,Margate,GB,51.3813,1.3862,42.51,85,87,4.0,overcast clouds
113,Vao,NC,-22.6667,167.4833,80.33,83,100,14.29,overcast clouds
114,Atar,MR,20.5169,-13.0499,66.72,20,100,9.28,overcast clouds
115,Pisco,PE,-13.7,-76.2167,73.02,68,40,18.41,scattered clouds
116,Carnarvon,AU,-24.8667,113.6333,89.67,51,3,5.75,clear sky
117,Shenxian,CN,36.2411,115.6672,41.32,54,100,3.58,overcast clouds
118,Coquimbo,CL,-29.9533,-71.3436,65.93,77,0,4.61,clear sky
119,West Wendover,US,40.7391,-114.0733,50.07,27,65,5.01,broken clouds
120,Saint-Joseph,RE,-21.3667,55.6167,75.58,73,39,6.29,scattered clouds
121,Anadyr,RU,64.75,177.4833,-34.01,73,20,11.18,mist
122,Khatanga,RU,71.9667,102.5,-1.01,83,100,14.16,overcast clouds
123,Arraial Do Cabo,BR,-22.9661,-42.0278,71.56,84,75,2.3,broken clouds
124,Chokurdakh,RU,70.6333,147.9167,-4.09,96,100,13.33,overcast clouds
125,Kharp,RU,66.8014,65.8081,-10.75,100,100,4.85,overcast clouds
126,Chuy,UY,-33.6971,-53.4616,72.55,85,50,13.78,scattered clouds
127,Tyler,US,32.3513,-95.3011,64.18,40,0,8.05,clear sky
128,Buta,CD,2.7858,24.73,70.63,50,100,1.21,overcast clouds
129,Cape Town,ZA,-33.9258,18.4232,67.87,80,0,10.36,clear sky
130,Saldanha,ZA,-33.0117,17.9442,64.33,93,18,15.28,few clouds
131,Mazagao,BR,-0.115,-51.2894,78.85,95,99,3.74,overcast clouds
132,Kruisfontein,ZA,-34.0033,24.7314,61.21,85,0,3.18,clear sky
133,Port Elizabeth,ZA,-33.918,25.5701,65.86,83,0,2.24,clear sky
134,Havre-Saint-Pierre,CA,50.2334,-63.5986,21.2,85,100,3.44,overcast clouds
135,Souillac,MU,-20.5167,57.5167,75.58,94,40,3.44,scattered clouds
136,Yumen,CN,40.2833,97.2,24.26,45,100,1.61,overcast clouds
137,Upernavik,GL,72.7868,-56.1549,-11.04,77,100,17.27,overcast clouds
138,Phuket,TH,8.0,98.25,79.02,89,20,2.3,few clouds
139,Bredasdorp,ZA,-34.5322,20.0403,63.72,82,8,3.44,clear sky
140,Altar,MX,30.7,-111.8167,72.05,16,0,11.3,clear sky
141,Avarua,CK,-21.2078,-159.775,82.45,74,54,10.36,broken clouds
142,Colesberg,ZA,-30.72,25.0972,70.72,26,0,1.45,clear sky
143,Ust-Nera,RU,64.5667,143.2,-25.87,97,63,2.8,broken clouds
144,Lahaina,US,20.8783,-156.6825,82.4,76,10,4.0,clear sky
145,Tucupita,VE,9.0622,-62.051,70.34,80,9,4.12,clear sky
146,Shakawe,BW,-18.3667,21.85,66.24,94,100,4.16,overcast clouds
147,Barrow,US,71.2906,-156.7887,-30.98,100,0,5.75,haze
148,Los Llanos De Aridane,ES,28.6585,-17.9182,62.35,42,75,11.5,broken clouds
149,Sarkand,KZ,45.41,79.9186,26.73,79,100,4.18,overcast clouds
150,Bharatpur,IN,27.2167,77.4833,48.92,43,0,5.39,clear sky
151,Bluff,NZ,-46.6,168.3333,58.8,63,42,18.86,scattered clouds
152,Nesterov,RU,54.6306,22.5714,30.31,83,51,11.59,broken clouds
153,Xiongzhou,CN,25.1167,114.3,49.23,90,100,4.25,overcast clouds
154,Comodoro Rivadavia,AR,-45.8667,-67.5,67.86,21,0,8.05,clear sky
155,Christchurch,NZ,-43.5333,172.6333,65.95,93,100,8.05,moderate rain
156,Labytnangi,RU,66.6572,66.4183,-12.86,99,100,5.48,overcast clouds
157,Fortuna,US,40.5982,-124.1573,65.43,73,0,0.0,clear sky
158,Tuatapere,NZ,-46.1333,167.6833,58.82,64,88,13.53,overcast clouds
159,Meulaboh,ID,4.1363,96.1285,75.69,84,94,3.06,overcast clouds
160,Kostomuksha,RU,64.571,30.5767,16.05,93,100,10.0,overcast clouds
161,Altamira,BR,-3.2033,-52.2064,72.79,97,100,2.17,overcast clouds
162,Muncar,ID,-8.4333,114.3333,78.08,85,100,3.67,overcast clouds
163,Padang,ID,-0.9492,100.3543,78.85,73,100,2.66,light rain
164,Cidreira,BR,-30.1811,-50.2056,74.46,83,0,20.31,clear sky
165,Villanueva De Cordoba,ES,38.3228,-4.6287,35.33,67,10,2.53,clear sky
166,Perry,US,37.2506,-83.1999,61.52,59,59,12.21,broken clouds
167,Adiake,CI,5.2863,-3.304,83.79,89,98,5.03,light rain
168,Mar Del Plata,AR,-38.0023,-57.5575,63.09,72,100,25.99,overcast clouds
169,Formosa Do Rio Preto,BR,-11.0483,-45.1931,72.1,84,19,1.1,few clouds
170,Imbituba,BR,-28.24,-48.6703,76.89,81,5,9.62,clear sky
171,San Patricio,US,28.017,-97.5169,67.15,78,0,12.75,clear sky
172,Saint-Philippe,RE,-21.3585,55.7679,76.59,71,22,5.59,few clouds
173,Taoudenni,ML,22.6783,-3.9836,60.89,25,0,11.56,clear sky
174,Bauchi,NG,10.5,10.0,59.85,23,14,4.7,few clouds
175,Mbini,GQ,1.574,9.6134,78.93,85,5,3.98,clear sky
176,Notse,TG,6.95,1.1667,78.87,77,18,4.79,few clouds
177,Woodward,US,36.4337,-99.3904,47.43,49,40,8.05,scattered clouds
178,Yacuiba,BO,-22.038,-63.6797,69.37,99,100,7.85,moderate rain
179,Constitucion,CL,-35.3333,-72.4167,58.86,67,0,9.22,clear sky
180,Esperance,AU,-33.8667,121.9,73.24,92,100,5.21,overcast clouds
181,Ahipara,NZ,-35.1667,173.1667,80.69,77,95,20.54,overcast clouds
182,Chumikan,RU,54.7183,135.315,8.98,92,100,4.41,light snow
183,The Valley,AI,18.217,-63.0578,76.1,75,57,22.86,broken clouds
184,Askarovo,RU,53.3372,58.5089,2.39,97,33,5.97,scattered clouds
185,Jiangyou,CN,31.7667,104.7167,42.55,84,99,1.36,overcast clouds
186,Half Moon Bay,US,37.4636,-122.4286,76.24,59,75,4.61,broken clouds
187,Poya,NC,-21.35,165.15,84.97,73,60,7.63,broken clouds
188,Galesong,ID,-5.3166,119.3661,78.82,83,100,8.32,light rain
189,Mosetse,BW,-20.75,26.65,69.42,55,8,9.37,clear sky
190,Nuuk,GL,64.1835,-51.7216,34.41,69,100,6.91,light shower snow
191,Butzow,DE,53.85,11.9833,36.05,85,4,6.26,clear sky
192,Bembibre,ES,42.6177,-6.4155,45.9,98,100,1.99,overcast clouds
193,Calabozo,VE,8.9242,-67.4293,84.45,41,13,5.32,few clouds
194,Petrovsk,RU,52.3064,45.3917,30.42,95,61,10.94,broken clouds
195,Clyde River,CA,70.4692,-68.5914,-16.37,76,100,29.93,snow
196,Pacific Grove,US,36.6177,-121.9166,75.6,46,0,1.01,clear sky
197,Luderitz,NA,-26.6481,15.1594,75.49,65,86,9.78,overcast clouds
198,Huarmey,PE,-10.0681,-78.1522,71.65,82,100,8.79,overcast clouds
199,Javanrud,IR,34.7961,46.5172,35.24,94,97,4.43,overcast clouds
200,Bentiu,SS,9.2333,29.8333,72.77,21,12,4.85,few clouds
201,Edd,ER,13.9297,41.6925,76.89,68,0,6.67,clear sky
202,Tura,IN,25.5198,90.2201,52.83,69,0,2.71,clear sky
203,Kitimat,CA,54.0524,-128.6534,37.9,63,39,1.01,scattered clouds
204,Ancud,CL,-41.8697,-73.8203,56.73,72,42,5.59,scattered clouds
205,Pangnirtung,CA,66.1451,-65.7125,2.37,88,100,2.17,overcast clouds
206,Avera,US,33.194,-82.5271,58.71,60,0,7.14,clear sky
207,Alyangula,AU,-13.8483,136.4192,84.51,70,74,7.94,broken clouds
208,Inhambane,MZ,-23.865,35.3833,73.78,79,1,7.85,clear sky
209,Marsabit,KE,2.3284,37.9899,68.81,40,24,10.8,few clouds
210,Monterey,US,36.2505,-121.2516,70.27,40,62,1.14,broken clouds
211,Karakol,KG,42.4907,78.3936,21.81,77,100,3.27,overcast clouds
212,Akcaabat,TR,41.0212,39.5715,42.67,75,0,2.3,clear sky
213,Byron Bay,AU,-28.65,153.6167,76.05,78,58,16.93,light rain
214,Lengshuijiang,CN,27.6881,111.4294,40.78,90,100,2.37,overcast clouds
215,Guider,CM,9.9342,13.9486,72.39,14,20,7.18,few clouds
216,Hami,CN,42.8,93.45,28.36,57,100,4.59,overcast clouds
217,Zhigalovo,RU,54.8097,105.1578,-33.84,100,93,0.87,overcast clouds
218,Stavern,NO,59.0,10.0333,38.3,78,100,23.49,overcast clouds
219,Limbang,MY,4.75,115.0,80.91,88,100,4.18,overcast clouds
220,Rajapur,IN,25.3833,81.15,50.05,59,0,6.96,clear sky
221,Narsaq,GL,60.9167,-46.05,25.02,84,100,6.62,overcast clouds
222,Geraldton,AU,-28.7667,114.6,82.81,51,8,5.75,clear sky
223,Kampong Thum,KH,12.7111,104.8887,78.69,68,41,6.96,scattered clouds
224,Cabo San Lucas,MX,22.8909,-109.9124,70.52,66,0,9.22,clear sky
225,Husavik,IS,66.0449,-17.3389,21.11,86,100,8.68,overcast clouds
226,Port Macquarie,AU,-31.4333,152.9167,75.88,63,97,16.71,overcast clouds
227,Kaka,TM,37.3482,59.6143,44.26,77,100,5.21,overcast clouds
228,Pilar,BR,-9.5972,-35.9567,76.93,82,36,7.63,scattered clouds
229,Suoyarvi,RU,62.0833,32.35,14.99,93,71,8.34,broken clouds
230,Lagoa,PT,39.05,-27.9833,59.45,76,100,14.65,overcast clouds
231,Coihaique,CL,-45.5752,-72.0662,57.15,58,0,8.05,clear sky
232,Rizhao,CN,35.4275,119.4553,40.98,67,2,3.96,clear sky
233,Santa Marta,CO,11.2408,-74.199,84.25,61,20,18.99,few clouds
234,Polazna,RU,58.2946,56.4055,15.19,96,99,4.63,overcast clouds
235,Lakhimpur,IN,27.95,80.7667,48.15,67,0,6.69,clear sky
236,Eyl,SO,7.9803,49.8164,71.92,67,100,13.06,overcast clouds
237,Jiayuguan,CN,39.8167,98.3,22.71,47,100,5.99,overcast clouds
238,Gushikawa,JP,26.3544,127.8686,70.83,77,100,12.66,light rain
239,Machali,CL,-34.1833,-70.6667,69.89,33,66,0.83,broken clouds
240,Saint-Francois,FR,46.4154,3.9054,28.67,91,0,3.44,clear sky
241,Vestmannaeyjar,IS,63.4427,-20.2734,33.01,72,100,9.31,overcast clouds
242,Cauquenes,CL,-35.9671,-72.3225,64.49,32,0,4.88,clear sky
243,Beloha,MG,-25.1667,45.05,73.6,91,41,11.95,scattered clouds
244,Adrar,MR,20.5022,-10.0711,59.72,21,28,11.07,scattered clouds
245,Orlik,RU,52.5178,99.825,-33.81,98,62,1.99,broken clouds
246,Faanui,PF,-16.4833,-151.75,80.62,75,100,14.05,light rain
247,Mitsamiouli,KM,-11.3847,43.2844,79.9,75,100,4.45,light rain
248,Bonfim,BR,3.0833,-59.95,83.26,54,33,9.69,scattered clouds
249,Goderich,CA,43.7501,-81.7165,36.21,93,100,14.97,overcast clouds
250,Parauna,BR,-16.9478,-50.4486,67.48,97,100,5.01,overcast clouds
251,Minna,NG,9.6139,6.5569,75.22,12,9,9.78,clear sky
252,Palmer,US,42.1584,-72.3287,46.24,50,75,8.05,broken clouds
253,Canar,EC,-2.55,-78.9333,50.04,98,100,2.08,light rain
254,San Policarpo,PH,12.1791,125.5072,77.32,93,100,13.35,moderate rain
255,Touros,BR,-5.1989,-35.4608,81.5,80,90,8.34,overcast clouds
256,Bambous Virieux,MU,-20.3428,57.7575,75.45,94,40,3.44,scattered clouds
257,Nanortalik,GL,60.1432,-45.2371,29.8,75,100,10.33,overcast clouds
258,Ippy,CF,6.2679,21.2247,73.99,23,30,5.1,scattered clouds
259,Najran,SA,17.4924,44.1277,57.85,29,0,3.24,clear sky
260,Talakan,RU,50.3167,130.3667,5.95,92,100,3.96,overcast clouds
261,Ascoli Piceno,IT,42.8548,13.5749,49.73,76,100,1.95,overcast clouds
262,Tigzirt,DZ,36.8886,4.1198,51.87,84,100,1.97,overcast clouds
263,Bethel,US,41.3712,-73.414,47.48,62,0,6.91,clear sky
264,Ende,ID,-8.8432,121.6623,80.31,84,100,0.45,moderate rain
265,Ust-Kan,RU,50.9276,84.761,-16.2,95,19,3.98,few clouds
266,Staraya Toropa,RU,56.2801,31.6702,25.65,96,100,7.61,overcast clouds
267,Lidkoping,SE,58.5052,13.1577,39.09,3,7,19.13,clear sky
268,Saint-Pierre,RE,-21.3393,55.4781,76.68,65,100,5.75,overcast clouds
269,Senanga,ZM,-16.1167,23.2667,66.18,97,100,7.2,light rain
270,Nakamura,JP,32.9833,132.9333,49.08,66,100,1.54,overcast clouds
271,Bahia Blanca,AR,-38.7196,-62.2724,60.06,50,0,8.48,clear sky
272,Quatre Cocos,MU,-20.2078,57.7625,75.31,82,81,2.71,broken clouds
273,Nkhotakota,MW,-12.9274,34.2961,68.68,85,100,5.57,overcast clouds
274,Mutsu,JP,41.2894,141.2169,34.12,84,17,2.95,few clouds
275,Longyearbyen,SJ,78.2186,15.6401,21.04,86,75,3.44,light snow
276,Tuktoyaktuk,CA,69.4541,-133.0374,-22.0,69,75,8.05,broken clouds
277,Sao Gabriel Da Cachoeira,BR,-0.1303,-67.0892,73.06,96,100,1.83,heavy intensity rain
278,Mayo,US,38.8876,-76.5119,61.43,57,0,12.66,clear sky
279,Heiloo,NL,52.6,4.7,37.98,75,99,3.0,overcast clouds
280,Hohhot,CN,40.8106,111.6522,21.49,58,0,13.42,clear sky
281,Port Blair,IN,11.6667,92.75,75.24,88,40,1.14,mist
282,Dingle,PH,10.9995,122.6711,79.07,85,100,12.08,overcast clouds
283,Saint Simons,US,31.1352,-81.3901,54.07,73,0,5.75,clear sky
284,Sharan,RU,54.8167,54.0,23.94,94,100,4.52,overcast clouds
285,Villazon,BO,-22.0866,-65.5942,52.72,68,94,16.02,overcast clouds
286,Kungsbacka,SE,57.4872,12.0761,40.24,91,10,25.99,clear sky
287,Lompoc,US,34.6391,-120.4579,79.57,38,0,8.05,clear sky
288,Vila Franca Do Campo,PT,37.7167,-25.4333,61.2,76,72,2.24,broken clouds
289,Nhlangano,SZ,-27.1167,31.2,59.38,63,2,2.64,clear sky
290,Tiksi,RU,71.6872,128.8694,-12.71,93,74,17.4,broken clouds
291,Birobidzhan,RU,48.8,132.95,15.75,93,100,3.09,light snow
292,Severo-Kurilsk,RU,50.6789,156.125,27.27,78,95,9.57,light snow
293,Cururupu,BR,-1.8283,-44.8683,74.71,96,100,2.44,overcast clouds
294,Langsa,ID,4.4683,97.9683,74.68,91,100,2.1,overcast clouds
295,Gwanda,ZW,-20.9333,29.0,66.36,53,2,4.45,clear sky
296,Lorengau,PG,-2.0226,147.2712,83.88,73,100,3.91,overcast clouds
297,Grand Gaube,MU,-20.0064,57.6608,75.6,82,98,1.99,overcast clouds
298,Chapais,CA,49.7834,-74.8492,13.78,95,100,7.07,light snow
299,Baraya,CO,3.1533,-75.0531,80.4,77,84,5.77,broken clouds
300,Moberly,US,39.4184,-92.4382,41.04,66,0,18.41,clear sky
301,Ketchikan,US,55.3422,-131.6461,39.67,81,75,10.36,broken clouds
302,Saltillo,MX,25.4167,-101.0,58.15,28,6,5.77,clear sky
303,Antofagasta,CL,-23.65,-70.4,69.08,79,9,5.68,clear sky
304,Jalingo,NG,8.8833,11.3667,72.77,13,19,4.5,few clouds
305,Saint Anthony,US,45.0205,-93.218,11.14,62,40,18.41,scattered clouds
306,Toppenish,US,46.3774,-120.3087,52.9,30,23,4.68,few clouds
307,Chihuahua,MX,28.5,-106.0,61.63,12,0,5.46,clear sky
308,Porto Nacional,BR,-10.7081,-48.4172,73.4,90,49,2.28,scattered clouds
309,Te Anau,NZ,-45.4167,167.7167,65.61,43,98,5.14,overcast clouds
310,Buin,CL,-33.7333,-70.75,78.06,38,90,2.59,overcast clouds
311,Egvekinot,RU,66.3167,-179.1667,-17.57,87,10,7.16,clear sky
312,Dukat,RU,62.55,155.55,-15.59,77,80,3.33,broken clouds
313,Rodrigues Alves,BR,-7.738,-72.6509,74.23,91,100,3.24,overcast clouds
314,Ngunguru,NZ,-35.6167,174.5,77.16,89,81,18.16,broken clouds
315,Williams Lake,CA,52.1415,-122.1445,40.57,59,75,5.75,broken clouds
316,Brae,GB,60.3964,-1.353,42.71,81,100,22.66,overcast clouds
317,Wukari,NG,7.85,9.7833,72.73,17,10,5.28,clear sky
318,Roald,NO,62.5833,6.1333,39.34,87,40,18.41,scattered clouds
319,Bonthe,SL,7.5264,-12.505,76.5,94,8,3.71,clear sky
320,Gambela,ET,8.25,34.5833,83.35,32,63,0.34,broken clouds
321,Ust-Maya,RU,60.4167,134.5333,-24.7,95,84,0.78,broken clouds
322,Sirsa,IN,29.5333,75.0167,49.03,33,0,3.53,clear sky
323,Scottsbluff,US,41.8666,-103.6672,30.63,56,75,20.71,broken clouds
324,Shu,KZ,43.5983,73.7614,36.79,75,96,6.35,overcast clouds
325,Churachandpur,IN,24.3333,93.6667,47.48,86,0,1.23,clear sky
326,Arman,RU,59.7,150.1667,3.18,74,92,5.14,overcast clouds
327,Grindavik,IS,63.8424,-22.4338,30.15,80,0,11.5,clear sky
328,Manavalakurichi,IN,8.1333,77.3,80.69,78,73,5.53,very heavy rain
329,Portland,US,45.5234,-122.6762,64.35,27,20,19.57,few clouds
330,Tamiahua,MX,21.2667,-97.45,68.23,78,98,5.48,overcast clouds
331,Ebolowa,CM,2.9,11.15,68.34,99,47,2.13,scattered clouds
332,Erzin,TR,36.9559,36.2,39.92,63,0,2.06,clear sky
333,Mahon,ES,39.8885,4.2658,46.96,93,0,6.91,clear sky
334,Iqaluit,CA,63.7506,-68.5145,-4.27,70,20,3.44,few clouds
335,Kochi,IN,9.9399,76.2602,75.18,85,30,5.03,scattered clouds
336,Isangel,VU,-19.55,169.2667,87.91,74,75,10.36,broken clouds
337,Tikhvin,RU,59.6451,33.5294,22.6,92,100,8.08,overcast clouds
338,Bahar,IR,34.9072,48.4414,32.16,100,100,0.0,light snow
339,Piranhas,BR,-16.4269,-51.8222,70.32,95,30,0.56,scattered clouds
340,Ivanovka,KG,42.8878,75.085,32.43,66,100,4.38,overcast clouds
341,Katsuura,JP,35.1333,140.3,48.18,57,21,11.07,few clouds
342,Poum,NC,-20.2333,164.0167,81.19,78,98,7.85,overcast clouds
343,Sabha,LY,27.0377,14.4283,48.87,34,0,8.68,clear sky
344,Ukiah,US,39.1502,-123.2078,76.51,44,0,4.61,clear sky
345,Verkhoyansk,RU,67.5447,133.385,-23.73,96,89,1.63,overcast clouds
346,Muros,ES,42.7762,-9.0603,52.23,95,3,4.38,clear sky
347,Zagan,PL,51.6176,15.3149,36.59,88,6,5.82,clear sky
348,Paray-Le-Monial,FR,46.4546,4.1158,34.48,87,0,3.44,clear sky
349,Burgeo,CA,47.6167,-57.6152,31.35,83,7,15.5,clear sky
350,Chernyshevskiy,RU,63.0128,112.4714,-15.32,100,95,1.16,overcast clouds
351,Tautira,PF,-17.7333,-149.15,86.02,73,66,12.82,broken clouds
352,Belmonte,BR,-15.8631,-38.8828,79.3,86,17,4.03,few clouds
353,Kovdor,RU,67.5662,30.4758,16.77,90,100,5.59,overcast clouds
354,Passy,FR,45.9203,6.6877,35.08,43,0,8.59,clear sky
355,Vanderhoof,CA,54.0166,-124.0198,29.08,92,42,1.12,scattered clouds
356,Vardo,NO,70.3705,31.1107,30.78,77,100,29.46,overcast clouds
357,Tynda,RU,55.1667,124.7167,-15.02,87,98,3.27,overcast clouds
358,Santa Isabel Do Rio Negro,BR,-0.4139,-65.0192,73.54,97,100,1.32,moderate rain
359,Juarez,MX,31.7333,-106.4833,66.97,17,0,8.05,clear sky
360,Bafq,IR,31.6128,55.4107,49.1,32,42,1.25,scattered clouds
361,Turayf,SA,31.6725,38.6637,35.85,93,0,6.91,clear sky
362,Awbari,LY,26.5921,12.7805,48.58,36,0,6.93,clear sky
363,Sao Joao Da Barra,BR,-21.6403,-41.0511,73.15,94,100,7.56,overcast clouds
364,Ambilobe,MG,-13.2,49.05,72.72,96,100,3.18,overcast clouds
365,Balikpapan,ID,-1.2675,116.8289,76.19,100,100,5.75,light rain
366,North Vernon,US,39.0062,-85.6236,44.49,87,100,10.71,light rain
367,Zhezkazgan,KZ,47.8043,67.7144,22.98,86,100,17.9,overcast clouds
368,Khani,GE,41.9563,42.9566,26.17,77,13,7.83,few clouds
369,Moranbah,AU,-22.0016,148.0466,86.58,40,0,9.06,clear sky
370,Haines Junction,CA,60.7522,-137.5108,28.35,74,100,3.44,overcast clouds
371,Mana,GF,5.6592,-53.7767,75.9,88,44,9.98,scattered clouds
372,Newport,GB,51.5877,-2.9984,44.76,81,99,13.62,overcast clouds
373,Nuevo Progreso,MX,23.1667,-97.95,68.59,81,41,4.5,scattered clouds
374,Takoradi,GH,4.8845,-1.7554,79.11,87,41,7.61,scattered clouds
375,Tilichiki,RU,60.4667,166.1,-12.41,84,3,9.42,clear sky
376,Pavlovsk,RU,50.4578,40.1081,31.33,88,100,5.64,overcast clouds
377,Kharabali,RU,47.4196,47.2568,39.99,88,100,15.3,overcast clouds
378,Kampot,KH,10.6167,104.1833,77.05,75,99,3.89,overcast clouds
379,Rafraf,TN,37.1904,10.1837,46.71,77,100,10.04,overcast clouds
380,Yanam,IN,16.7333,82.2167,68.4,86,93,3.02,overcast clouds
381,Suez,EG,29.9737,32.5263,51.6,71,0,6.67,clear sky
382,Lavrentiya,RU,65.5833,-171.0,-21.39,91,11,7.78,few clouds
383,Manokwari,ID,-0.8667,134.0833,81.91,70,97,1.03,overcast clouds
384,Akropong,GH,5.9746,-0.0854,77.95,76,80,5.53,broken clouds
385,Port-Gentil,GA,-0.7193,8.7815,80.46,81,99,11.25,overcast clouds
386,Karratha,AU,-20.7377,116.8463,89.49,56,6,6.91,clear sky
387,Nouadhibou,MR,20.931,-17.0347,69.78,56,68,9.22,broken clouds
388,Krasnyy Yar,RU,46.5331,48.3456,40.96,92,100,12.39,overcast clouds
389,Boundiali,CI,9.5217,-6.4869,70.34,16,5,3.78,clear sky
390,Puerto Escondido,MX,15.85,-97.0667,81.43,74,75,5.75,broken clouds
391,Tutoia,BR,-2.7619,-42.2744,84.18,84,100,10.4,overcast clouds
392,Price,US,39.5994,-110.8107,47.46,31,0,20.71,clear sky
393,Nagato,JP,34.3833,131.2,51.21,54,90,6.87,overcast clouds
394,Oranjestad,AW,12.524,-70.027,80.55,69,20,19.57,few clouds
395,Kabinda,CD,-6.1333,24.4833,66.25,94,100,3.09,overcast clouds
396,Sattahip,TH,12.6664,100.9007,83.64,100,75,3.44,light rain
397,Chowchilla,US,37.123,-120.2602,75.51,43,0,3.44,clear sky
398,Sisimiut,GL,66.9395,-53.6735,20.34,95,100,5.48,snow
399,Pirenopolis,BR,-15.8525,-48.9592,70.29,96,100,0.4,overcast clouds
400,Kahului,US,20.8947,-156.47,82.42,64,40,16.11,scattered clouds
401,Willmar,US,45.1219,-95.0433,3.22,71,0,23.02,clear sky
402,Urumqi,CN,43.801,87.6005,11.35,85,75,4.47,mist
403,Caravelas,BR,-17.7125,-39.2481,75.65,88,42,4.41,scattered clouds
404,Pitimbu,BR,-7.4706,-34.8086,82.99,79,29,10.94,scattered clouds
405,Renukut,IN,24.2,83.0333,49.98,51,1,4.79,clear sky
406,Lashio,MM,22.9333,97.75,51.12,65,0,1.05,clear sky
407,Vostok,RU,46.4856,135.8833,18.66,93,100,3.0,light snow
408,Amudat,UG,1.95,34.95,70.21,48,9,1.36,clear sky
409,Mount Isa,AU,-20.7333,139.5,96.57,26,0,8.05,clear sky
410,Basoko,CD,1.2391,23.616,74.3,64,91,1.86,overcast clouds
411,Bubaque,GW,11.2833,-15.8333,78.94,69,3,5.86,clear sky
412,Qurayyat,SA,31.3318,37.3428,39.38,81,0,9.22,clear sky
413,Council Bluffs,US,41.2619,-95.8608,23.72,56,0,26.46,clear sky
414,Hearst,CA,49.6835,-83.6665,-12.75,94,100,13.11,overcast clouds
415,Trojes,AL,41.756,19.962,36.09,73,99,4.81,overcast clouds
416,Vila Velha,BR,-20.3297,-40.2925,73.35,95,75,6.91,broken clouds
417,Heinola,FI,61.2056,26.0381,15.89,91,9,8.55,clear sky
418,Sioux Lookout,CA,50.1001,-91.917,-10.82,70,0,8.05,clear sky
419,Viedma,AR,-40.8135,-62.9967,62.11,26,0,7.76,clear sky
420,Seoul,KR,37.5683,126.9778,38.77,65,99,4.61,mist
421,Salalah,OM,17.0151,54.0924,71.69,68,20,3.44,few clouds
422,San Cristobal,VE,7.7669,-72.225,69.98,88,56,1.03,broken clouds
423,Cookeville,US,36.1628,-85.5016,60.51,39,100,8.05,overcast clouds
424,Pokaran,IN,26.9167,71.9167,59.36,27,0,4.81,clear sky
425,Caramay,PH,10.1815,119.236,80.28,84,49,9.91,scattered clouds
426,Almaznyy,RU,48.0448,40.045,37.54,94,100,10.25,overcast clouds
427,Nelson Bay,AU,-32.7167,152.15,78.1,59,83,5.01,broken clouds
428,Surt,LY,31.2089,16.5887,56.16,67,51,11.07,broken clouds
429,Balas,PH,15.0335,120.6059,82.85,61,100,11.23,overcast clouds
430,Nishihara,JP,26.1842,127.7558,70.88,76,100,13.8,overcast clouds
431,Tatui,BR,-23.3556,-47.8569,64.9,91,1,9.35,clear sky
432,Hovd,MN,48.0056,91.6419,-15.92,85,54,3.89,broken clouds
433,Shiloh,US,38.5614,-89.8973,47.12,79,20,5.75,few clouds
434,East Wenatchee,US,47.4157,-120.2931,51.85,48,0,5.01,clear sky
435,Isla Mujeres,MX,21.2311,-86.731,73.45,71,0,11.45,clear sky
436,Nambucca Heads,AU,-30.65,153.0,75.99,66,62,17.63,broken clouds
437,Zharkent,KZ,44.1628,80.0,27.14,55,100,0.76,overcast clouds
438,Gayny,RU,60.3071,54.3241,13.75,95,100,6.24,overcast clouds
439,Mardan,PK,34.2019,72.0525,46.94,32,0,2.28,clear sky
440,Ruteng,ID,-8.6136,120.4721,70.18,78,100,0.29,moderate rain
441,Douglas,US,41.3,-96.167,22.98,57,0,28.77,clear sky
442,Esso,RU,55.9333,158.7,7.99,82,0,3.29,clear sky
443,Dankov,RU,53.2515,39.1555,17.28,90,94,6.98,overcast clouds
444,High Level,CA,58.5169,-117.136,-0.29,71,40,5.75,scattered clouds
445,Seymchan,RU,62.8833,152.4333,-32.94,95,84,1.52,broken clouds
446,Tieling,CN,42.2931,123.8414,20.61,52,100,7.25,snow
447,Oranjemund,NA,-28.55,16.4333,67.12,75,100,3.51,overcast clouds
448,Aksarka,RU,66.5606,67.7975,-3.01,87,100,11.1,overcast clouds
449,Myingyan,MM,21.4667,95.3833,64.09,49,0,4.07,clear sky
450,Solnechnyy,RU,50.7214,136.6319,12.15,88,100,7.18,overcast clouds
451,Paris,FR,48.8534,2.3488,37.18,86,0,4.61,clear sky
452,Japura,ID,-0.3167,102.35,72.99,98,100,2.39,overcast clouds
453,Balapur,IN,20.6667,76.7667,59.63,34,11,5.37,few clouds
454,Zheleznodorozhnyy,RU,55.7503,38.0042,32.22,97,67,6.06,snow
455,Blagoyevo,RU,63.3667,47.9167,19.13,95,100,6.46,light snow
456,Necochea,AR,-38.5473,-58.7368,58.03,57,100,15.95,light rain
457,Davila,PH,18.4726,120.5763,80.58,65,66,2.01,broken clouds
458,Namibe,AO,-15.1961,12.1522,75.92,82,100,4.45,overcast clouds
459,Miguel Hidalgo,MX,19.4225,-99.2028,62.58,30,75,11.5,broken clouds
460,Yashkul,RU,46.1711,45.3435,38.59,82,42,15.17,scattered clouds
461,Miri,MY,4.4148,114.0089,78.94,89,20,5.75,few clouds
462,Kuching,MY,1.55,110.3333,77.22,94,40,2.3,scattered clouds
463,Ovalle,CL,-30.5983,-71.2003,72.25,59,0,3.47,clear sky
464,Charters Towers,AU,-20.1,146.2667,86.18,43,0,10.83,clear sky
465,Wagar,SD,16.1525,36.2032,66.67,76,0,15.01,clear sky
466,Sorong,ID,-0.8833,131.25,81.59,74,100,2.04,overcast clouds
467,Selaphum,TH,16.0299,103.9383,82.02,69,94,9.6,overcast clouds
468,Mmathubudukwane,BW,-24.6,26.4333,66.42,41,0,2.19,clear sky
469,Luangwa,ZM,-15.6167,30.4167,69.51,97,100,1.66,light rain
470,Amahai,ID,-3.3333,128.9167,84.58,67,99,1.01,overcast clouds
471,Yulara,AU,-25.2406,130.9889,85.84,23,0,16.11,clear sky
472,Uyuni,BO,-20.4597,-66.825,56.98,23,94,8.41,overcast clouds
473,Doha,QA,25.2867,51.5333,66.09,82,0,6.91,clear sky
474,Provideniya,RU,64.3833,-173.3,-12.39,88,4,8.55,clear sky
475,Radovitskiy,RU,55.1282,39.7956,18.3,96,16,5.86,snow
476,Miraflores,MX,19.2167,-98.8083,62.02,37,1,5.66,clear sky
477,Dalianwan,CN,39.0286,121.695,33.84,47,0,6.71,clear sky
478,Axim,GH,4.8699,-2.2405,78.24,88,74,6.33,broken clouds
479,Praia Da Vitoria,PT,38.7333,-27.0667,59.25,82,20,8.59,few clouds
480,Oussouye,SN,12.485,-16.5469,73.58,19,5,5.48,clear sky
481,Olinda,BR,-8.0089,-34.8553,83.93,79,75,4.61,broken clouds
482,Arbuzynka,UA,47.9097,31.3196,39.25,91,95,6.4,overcast clouds
483,Nalut,LY,30.3333,10.85,47.32,50,42,8.95,scattered clouds
484,Obregon,NI,11.9566,-85.9636,84.29,68,3,13.96,clear sky
485,Marsh Harbour,BS,26.5412,-77.0636,74.28,79,100,13.58,overcast clouds
486,Neiafu,TO,-18.65,-173.9833,86.68,79,40,9.22,scattered clouds
487,Ligayan,PH,4.6533,119.4706,80.73,77,98,1.97,overcast clouds
488,Inuvik,CA,68.3499,-133.7218,-21.14,76,40,3.44,scattered clouds
489,Balkanabat,TM,39.5108,54.3671,40.91,70,7,0.54,clear sky
490,Puerto Baquerizo Moreno,EC,-0.9,-89.6,74.86,88,96,7.29,overcast clouds
491,Krasnoarmeysk,RU,51.0239,45.6969,31.06,92,100,19.04,overcast clouds
492,Ayyampettai,IN,10.9014,79.1798,73.96,82,100,10.22,overcast clouds
493,Svetlaya,RU,46.5389,138.3297,25.65,91,100,6.98,light snow
494,Arlit,NE,18.7369,7.3853,63.01,19,0,6.89,clear sky
495,Placerville,US,38.7296,-120.7986,67.82,53,0,3.44,clear sky
496,Babstovo,RU,48.1167,132.4833,13.87,93,100,3.27,light snow
497,Naze,JP,28.3667,129.4833,61.72,65,74,9.98,broken clouds
498,Batagay-Alyta,RU,67.8006,130.4114,-21.73,88,63,5.17,broken clouds
499,Beauceville,CA,46.2179,-70.7787,41.79,65,100,5.75,overcast clouds
500,Garmsar,IR,35.2182,52.3409,45.46,74,95,7.43,overcast clouds
501,Harper,LR,4.375,-7.7169,78.39,87,5,4.92,clear sky
502,Kupang,ID,-10.1667,123.5833,81.36,80,100,2.48,overcast clouds
503,Nakhon Phanom,TH,17.3333,104.4167,75.0,67,82,8.95,broken clouds
504,Abalak,RU,58.1286,68.5944,-3.15,88,99,12.59,overcast clouds
505,Pingliang,CN,35.5392,106.6861,26.58,87,100,9.04,overcast clouds
506,Road Town,VG,18.4167,-64.6167,75.99,75,7,22.55,clear sky
507,Guerrero Negro,MX,27.9769,-114.0611,69.89,33,0,10.38,clear sky
508,Petropavlovsk-Kamchatskiy,RU,53.0452,158.6483,10.99,57,0,2.24,clear sky
509,Port-Cartier,CA,50.0334,-66.8654,16.75,91,100,5.53,overcast clouds
510,Buala,SB,-8.145,159.5921,77.0,90,100,4.25,light rain
511,Mehamn,NO,71.0357,27.8492,26.73,64,80,14.58,broken clouds
512,Plaster Rock,CA,46.9065,-67.39,36.12,87,100,10.98,overcast clouds
513,Caledon East,CA,43.8691,-79.8669,35.46,97,100,13.06,light snow
514,Iracoubo,GF,5.4802,-53.2011,75.85,89,66,9.19,broken clouds
515,Mahanje,TZ,-9.9333,35.3333,64.33,98,100,1.54,light rain
516,Shizunai,JP,42.3339,142.3669,29.16,77,82,1.66,broken clouds
517,Kashi,CN,39.4547,75.9797,29.41,46,20,8.95,few clouds
518,Okhotsk,RU,59.3833,143.3,-5.57,77,33,9.35,scattered clouds
519,Lazaro Cardenas,MX,17.9583,-102.2,76.51,57,58,7.56,broken clouds
520,Ginowan,JP,26.2627,127.7615,70.41,78,100,13.8,overcast clouds
521,Magadan,RU,59.5667,150.8,3.6,68,96,2.64,overcast clouds
522,Rawson,AR,-43.3002,-65.1023,61.83,47,100,13.27,overcast clouds
523,Dubbo,AU,-32.25,148.6167,80.73,47,40,12.66,scattered clouds
524,Thinadhoo,MV,0.5333,72.9333,80.96,71,58,6.42,broken clouds
525,Boende,CD,-0.2167,20.8667,78.42,57,100,3.47,overcast clouds
526,Baiao,BR,-2.7906,-49.6717,72.88,97,100,2.3,light rain
527,Ojinaga,MX,29.5667,-104.4167,70.75,18,0,3.44,clear sky
528,Olafsvik,IS,64.8945,-23.7142,27.75,72,100,22.57,overcast clouds
529,Martapura,ID,-3.4167,114.85,75.29,94,40,8.05,scattered clouds
530,Alcudia,ES,39.8532,3.1214,48.38,79,25,10.0,scattered clouds
531,Ternate,ID,0.8,127.4,82.13,75,66,3.38,broken clouds
532,Edirne,TR,41.6772,26.556,39.83,90,3,1.63,clear sky
533,Tagusao,PH,9.1924,117.8141,81.43,75,33,4.68,scattered clouds
534,Brownwood,US,31.7093,-98.9912,69.12,37,0,3.44,clear sky
535,Camacha,PT,33.0833,-16.3333,60.22,77,40,13.8,scattered clouds
536,Batagay,RU,67.6333,134.6333,-27.27,97,55,3.22,broken clouds
537,General Pico,AR,-35.6566,-63.7568,54.88,85,4,5.64,clear sky
538,Kemijarvi,FI,66.7131,27.4306,1.38,97,14,3.74,few clouds
539,Oriximina,BR,-1.7656,-55.8661,75.07,94,92,2.26,overcast clouds
540,Kirakira,SB,-10.4544,161.9205,78.94,87,100,4.29,heavy intensity rain
541,Paraiso,CR,9.8383,-83.8656,68.86,90,71,4.21,broken clouds
542,Bobcaygeon,CA,44.5462,-78.542,34.88,98,100,10.16,light snow
543,Abu Kamal,SY,34.4506,40.9171,49.62,64,5,10.92,clear sky
544,Banda Aceh,ID,5.5577,95.3222,78.42,78,71,7.52,broken clouds
545,Clacton-On-Sea,GB,51.7897,1.156,40.78,87,54,5.99,broken clouds
546,Eureka,US,40.8021,-124.1637,65.68,72,100,1.01,overcast clouds
547,Agua Verde,MX,22.9,-106.05,69.89,54,0,7.45,clear sky
548,Kalmunai,LK,7.4167,81.8167,76.26,89,100,3.8,overcast clouds
549,Sao Felix Do Xingu,BR,-6.6447,-51.995,72.18,97,99,1.12,very heavy rain
550,Albuquerque,US,35.0845,-106.6511,56.68,28,20,11.01,few clouds
551,Excelsior Springs,US,39.3392,-94.2261,38.66,54,0,11.5,clear sky
552,Dunmore Town,BS,25.5,-76.65,75.38,81,36,7.02,scattered clouds
553,Mudgee,AU,-32.5943,149.5871,73.45,46,75,11.5,broken clouds
554,Pyay,MM,18.8167,95.2167,66.61,47,16,0.74,few clouds
555,Krasnyy Kholm,RU,58.0607,37.1203,25.14,92,100,11.05,overcast clouds
556,Sibolga,ID,1.7427,98.7792,75.18,85,100,4.14,overcast clouds
557,Belomorsk,RU,64.5232,34.7668,14.0,92,15,9.13,few clouds
558,Plettenberg Bay,ZA,-34.0527,23.3716,64.33,81,0,3.85,clear sky
559,Makakilo City,US,21.3469,-158.0858,80.35,57,0,12.66,clear sky
560,Tiebissou,CI,7.1574,-5.2257,78.89,36,33,2.84,scattered clouds
561,Dickinson,US,29.4608,-95.0513,65.19,80,0,3.44,clear sky
562,Sembe,CG,1.6481,14.5806,70.41,53,12,1.77,few clouds
563,Sola,VU,-13.8833,167.55,81.27,75,91,10.69,overcast clouds
564,Mindelo,CV,16.8901,-24.9804,72.95,64,100,27.63,overcast clouds
565,Presidencia Roque Saenz Pena,AR,-26.7852,-60.4388,77.29,41,100,16.53,overcast clouds
566,Kyaukse,MM,21.6,96.1333,64.54,40,4,2.66,clear sky
567,Tuy Hoa,VN,13.0833,109.3,74.82,87,100,5.1,overcast clouds
568,Akyab,MM,20.15,92.9,65.01,67,5,10.47,clear sky
569,Sao Jose Da Coroa Grande,BR,-8.8978,-35.1478,79.75,79,44,9.82,scattered clouds
570,Spas-Demensk,RU,54.4122,34.0226,27.0,96,100,5.57,overcast clouds
571,Nurobod,UZ,40.9056,69.8023,38.25,92,100,5.06,moderate rain
572,Rengasdengklok,ID,-6.1592,107.2981,85.12,76,100,5.19,overcast clouds
573,Marsa Matruh,EG,31.3525,27.2453,46.6,81,40,0.0,scattered clouds
574,Campbell River,CA,50.0163,-125.2446,41.72,93,75,2.3,broken clouds
575,Amboasary,MG,-25.0333,46.3833,73.27,94,6,5.48,clear sky
576,Vila Do Maio,CV,15.1333,-23.2167,74.19,75,100,15.17,overcast clouds
577,Dovolnoye,RU,54.4958,79.6671,-16.44,100,57,6.91,broken clouds
578,Wadi Musa,JO,30.3222,35.4793,38.57,81,1,5.64,clear sky
579,Nsunga,TZ,-1.1439,31.3947,62.46,93,100,1.48,overcast clouds
580,Calamar,CO,10.2511,-74.9146,80.55,68,42,8.57,scattered clouds
581,Itoman,JP,26.1247,127.6694,71.62,75,75,13.8,broken clouds
582,Camargo,MX,27.6667,-105.1667,58.6,12,0,1.86,clear sky
583,Sao Miguel Do Araguaia,BR,-13.275,-50.1628,71.19,95,76,3.04,broken clouds
584,Seaford,GB,50.7714,0.1027,45.7,81,100,14.36,overcast clouds
585,La Ronge,CA,55.1001,-105.2842,-7.35,71,100,3.44,overcast clouds
586,Viru,PE,-8.4167,-78.75,69.1,74,100,3.47,overcast clouds
587,Yuzhnyy,RU,53.2542,83.6936,-9.02,77,100,6.71,smoke
588,San Vicente,AR,-26.6167,-54.1333,75.52,51,78,3.8,broken clouds
589,Katete,UG,-0.7818,29.7544,63.9,63,100,2.91,overcast clouds
590,Foumban,CM,5.7291,10.9001,63.75,29,13,2.13,few clouds
591,Fairbanks,US,64.8378,-147.7164,9.82,74,0,3.44,clear sky
592,Rathdrum,US,47.8137,-116.892,46.89,62,0,6.91,clear sky
593,Harwich,GB,51.9419,1.2844,41.0,86,69,8.99,broken clouds
594,Zhigansk,RU,66.7697,123.3711,-30.91,100,100,5.97,overcast clouds
595,Dandong,CN,40.1292,124.3947,29.39,39,14,8.72,few clouds
596,Coahuayana,MX,18.7333,-103.6833,81.88,54,5,2.98,clear sky
597,Carlyle,US,38.6103,-89.3726,44.01,85,42,5.01,scattered clouds
598,Nisia Floresta,BR,-6.0911,-35.2086,82.78,83,100,5.7,light rain
599,Alice Springs,AU,-23.7,133.8833,81.95,28,0,16.11,clear sky
600,Porto Novo,BJ,6.4965,2.6036,82.22,90,0,6.26,clear sky
601,Labuhan,ID,-6.8844,112.2051,77.43,87,100,6.42,overcast clouds
602,Puerto Leguizamo,CO,-0.1934,-74.7819,77.7,80,100,2.17,moderate rain
603,Abha,SA,18.2164,42.5053,51.62,87,0,0.0,clear sky
604,Salinas,US,36.6777,-121.6555,76.01,43,0,12.66,clear sky
605,Diamantino,BR,-14.4086,-56.4461,72.52,93,100,4.59,heavy intensity rain
606,Wewak,PG,-3.5534,143.6268,79.07,85,100,2.33,moderate rain
607,Kolpashevo,RU,58.3131,82.9089,-14.87,99,35,5.7,scattered clouds
608,Amazar,RU,53.858,120.875,-9.71,83,87,3.67,overcast clouds
609,Nara,JP,34.6851,135.8049,43.92,52,94,2.53,overcast clouds
610,Hambantota,LK,6.1241,81.1185,76.39,88,100,11.1,overcast clouds
611,Eyrarbakki,IS,63.863,-21.1481,30.25,67,100,16.24,overcast clouds
612,Berlevag,NO,70.8578,29.0864,30.27,67,100,19.84,overcast clouds
613,Acari,PE,-15.4311,-74.6158,73.83,73,8,3.67,clear sky
614,Charlestown,AU,-32.95,151.6667,77.83,64,73,7.0,broken clouds
615,Ovsyanka,RU,55.9575,92.5519,-20.78,100,66,0.98,broken clouds
616,Yaan,NG,7.3833,8.5667,77.88,13,1,3.22,clear sky
617,Buzmeyin,TM,38.0507,58.2056,38.93,100,100,4.61,overcast clouds
618,Hiji,JP,33.3667,131.5333,48.09,62,100,2.73,overcast clouds
619,Kyabe,TD,9.4515,18.9449,75.33,15,2,5.23,clear sky
620,Piacabucu,BR,-10.4056,-36.4344,80.71,79,72,12.73,broken clouds
621,Yar-Sale,RU,66.8333,70.8333,-1.14,82,100,16.4,overcast clouds
622,Bria,CF,6.5423,21.9863,68.65,27,81,2.46,broken clouds
623,Buloh Kasap,MY,2.5536,102.764,76.91,94,100,2.51,overcast clouds
624,Marshalltown,US,42.0494,-92.908,17.83,67,75,31.07,broken clouds
625,Tigil,RU,57.8,158.6667,-3.24,94,37,2.39,scattered clouds
626,Myitkyina,MM,25.3833,97.4,57.04,76,70,3.04,broken clouds
627,Prince Rupert,CA,54.3161,-130.3201,39.29,70,0,3.44,clear sky
628,Nador,MA,35.174,-2.9287,52.05,87,75,1.14,broken clouds
629,Binzhou,CN,37.3667,118.0167,46.27,67,100,2.75,overcast clouds
630,Bathsheba,BB,13.2167,-59.5167,77.61,57,20,20.71,few clouds
631,Kismayo,SO,-0.3582,42.5454,76.3,80,100,15.5,overcast clouds
632,Yerbogachen,RU,61.2767,108.0108,-9.58,100,100,2.42,overcast clouds
633,Bahia Honda,CU,22.9036,-83.1592,72.27,86,79,7.92,broken clouds
634,Jumla,NP,29.2747,82.1838,19.29,65,0,8.93,clear sky
635,Brewster,US,41.3973,-73.6171,48.24,63,0,6.91,clear sky
636,Juneau,US,58.3019,-134.4197,37.4,95,100,17.27,light rain
637,Ajdabiya,LY,30.7554,20.2263,51.93,61,0,4.61,clear sky
638,Elko,US,41.0002,-115.5012,50.02,51,100,4.47,overcast clouds
639,Nawada,IN,24.8833,85.5333,48.49,62,0,6.08,clear sky
640,Bealanana,MG,-14.55,48.7333,62.94,98,3,1.95,clear sky
641,Salaya,IN,22.3167,69.6,66.74,45,0,8.43,clear sky
642,Grand-Santi,GF,4.25,-54.3833,71.89,99,69,3.18,broken clouds
643,Manta,EC,-0.95,-80.7333,78.58,73,20,6.91,few clouds
644,Auki,SB,-8.7676,160.7034,79.47,87,100,7.61,overcast clouds
645,Black Diamond,US,47.3087,-122.0032,48.9,82,50,1.01,scattered clouds
646,Murray Bridge,AU,-35.1167,139.2667,81.32,30,0,5.14,clear sky
647,Brzeg,PL,50.8608,17.4674,36.7,93,99,13.22,overcast clouds
648,Tual,ID,-5.6667,132.75,82.29,69,84,1.01,broken clouds
649,Gewane,ET,10.1664,40.6453,72.09,51,63,4.34,broken clouds
650,Bardiyah,LY,31.7561,25.0865,53.11,68,0,6.26,clear sky
651,Sambava,MG,-14.2667,50.1667,74.55,91,15,5.7,few clouds
652,Pozo Colorado,PY,-23.4923,-58.7972,81.21,47,38,5.93,scattered clouds
653,San Andres,CO,12.5847,-81.7006,80.62,74,20,10.36,few clouds
654,Lagos,NG,6.5833,3.75,80.92,96,2,1.32,clear sky
655,Huilong,CN,31.8111,121.655,48.04,72,94,10.56,overcast clouds
656,Mitchell,US,43.7094,-98.0298,12.18,62,0,20.71,clear sky
657,Mazamari,PE,-11.3258,-74.5308,70.63,95,100,1.88,overcast clouds
658,Raahe,FI,64.6833,24.4833,14.09,96,60,10.04,broken clouds
659,Ranot,TH,7.7777,100.3213,80.87,75,100,6.71,overcast clouds
660,Belyy Yar,RU,53.6039,91.3903,-27.51,57,92,0.0,smoke
661,Sherwood,US,34.8151,-92.2243,62.35,52,100,7.0,overcast clouds
662,Mount Gambier,AU,-37.8333,140.7667,73.8,38,2,6.22,clear sky
663,Dali,CN,25.7,100.1833,40.98,79,0,2.51,clear sky
664,Kangavar,IR,34.5043,47.9653,35.08,100,100,1.16,snow
665,Dunedin,NZ,-45.8742,170.5036,62.8,58,100,3.0,overcast clouds
666,Mwense,ZM,-10.3845,28.698,64.8,95,100,3.33,overcast clouds
667,Bridgetown,BB,13.1,-59.6167,77.49,57,20,20.71,few clouds
668,Hopfgarten,DE,50.9833,11.2667,33.44,80,5,3.69,clear sky
669,Bantogon,PH,6.5333,124.0333,81.59,71,100,2.89,overcast clouds
670,Zhanaozen,KZ,43.3,52.8,36.19,73,100,4.52,overcast clouds
